{
  "project_info": {
    "project_number": "872982346908",
    "project_id": "attitude-status-fe0cc",
    "storage_bucket": "attitude-status-fe0cc.appspot.com"
  },
  "client": [
    {
      "client_info": {
        "mobilesdk_app_id": "1:872982346908:android:4d411f4165c25ae9294159",
        "android_client_info": {
          "package_name": "bhobhli.love.attitudestatus"
        }
      },
      "oauth_client": [
        {
          "client_id": "872982346908-8hhm0qsdq20v2jplrb31tiho0k2tcs3r.apps.googleusercontent.com",
          "client_type": 3
        }
      ],
      "api_key": [
        {
          "current_key": "AIzaSyBudmRcPJWG_wBksCs5kk8Rg0Y7qi3T2AM"
        }
      ],
      "services": {
        "appinvite_service": {
          "other_platform_oauth_client": [
            {
              "client_id": "872982346908-8hhm0qsdq20v2jplrb31tiho0k2tcs3r.apps.googleusercontent.com",
              "client_type": 3
            }
          ]
        }
      }
    }
  ],
  "configuration_version": "1"
}