{
  "project_info": {
    "project_number": "735486719033",
    "firebase_url": "https://pankaj-admin-default-rtdb.firebaseio.com",
    "project_id": "pankaj-admin",
    "storage_bucket": "pankaj-admin.appspot.com"
  },
  "client": [
    {
      "client_info": {
        "mobilesdk_app_id": "1:735486719033:android:f327728d6d76c76c2789e8",
        "android_client_info": {
          "package_name": "com.kss.pankaj"
        }
      },
      "oauth_client": [
        {
          "client_id": "735486719033-kfhfrtcbba1mum9v42dq219pcvhqcr3p.apps.googleusercontent.com",
          "client_type": 3
        }
      ],
      "api_key": [
        {
          "current_key": "AIzaSyAcEgjMmK3ULW8J_qsgC1bnEtnbcgDoyRg"
        }
      ],
      "services": {
        "appinvite_service": {
          "other_platform_oauth_client": [
            {
              "client_id": "735486719033-kfhfrtcbba1mum9v42dq219pcvhqcr3p.apps.googleusercontent.com",
              "client_type": 3
            }
          ]
        }
      }
    },
    {
      "client_info": {
        "mobilesdk_app_id": "1:735486719033:android:c539ea582a8cb24a2789e8",
        "android_client_info": {
          "package_name": "kss.pankaj.fforfacts"
        }
      },
      "oauth_client": [
        {
          "client_id": "735486719033-kfhfrtcbba1mum9v42dq219pcvhqcr3p.apps.googleusercontent.com",
          "client_type": 3
        }
      ],
      "api_key": [
        {
          "current_key": "AIzaSyAcEgjMmK3ULW8J_qsgC1bnEtnbcgDoyRg"
        }
      ],
      "services": {
        "appinvite_service": {
          "other_platform_oauth_client": [
            {
              "client_id": "735486719033-kfhfrtcbba1mum9v42dq219pcvhqcr3p.apps.googleusercontent.com",
              "client_type": 3
            }
          ]
        }
      }
    }
  ],
  "configuration_version": "1"
}